EN0215807255M.IMG,1
EN0215807259M.IMG,1
EN0215807263M.IMG,0
EN0215807267M.IMG,1
EN0215807271M.IMG,0
EN0215814852M.IMG,0
EN0215816244M.IMG,0
EN0215850720M.IMG,0
EN0215850724M.IMG,0
EN0215850728M.IMG,0
EN0215850732M.IMG,0
EN0215850736M.IMG,0
EN0215850740M.IMG,0
EN0215850744M.IMG,0
EN0215851115M.IMG,1
EN0215852058M.IMG,1
EN0215852059M.IMG,1
EN0215852101M.IMG,1
EN0215852104M.IMG,1
EN0215852145M.IMG,1
EN0215852147M.IMG,1
EN0215852194M.IMG,1
EN0215852196M.IMG,1
EN0215852245M.IMG,1
EN0215852247M.IMG,1
EN0215852302M.IMG,1
EN0215852305M.IMG,1
EN0215852308M.IMG,1
EN0215852357M.IMG,1
EN0215852359M.IMG,1
EN0215852361M.IMG,1
EN0215852422M.IMG,1
EN0215852424M.IMG,1
EN0215852426M.IMG,1
EN0215852495M.IMG,1
EN0215852963M.IMG,1
EN0215853065M.IMG,1
EN0215853067M.IMG,1
EN0215853198M.IMG,1
EN0215853200M.IMG,1
EN0215853202M.IMG,1
EN0215853204M.IMG,1
EN0215853350M.IMG,1
EN0215853353M.IMG,1
EN0215853511M.IMG,1
EN0215853702M.IMG,1
EN0215853706M.IMG,1
EN0215853927M.IMG,1
EN0215854201M.IMG,1
EN0215857510M.IMG,0
EN0215858801M.IMG,0
EW0215806831G.IMG,0
EW0215815250I.IMG,1
EW0215815254F.IMG,1
EW0215815258C.IMG,1
EW0215815262D.IMG,1
EW0215815266E.IMG,1
EW0215815270G.IMG,1
EW0215815274J.IMG,1
EW0215815278L.IMG,1
EW0215827026B.IMG,0
EW0215827108B.IMG,0
EW0215827140B.IMG,0
EW0215827246G.IMG,1
EW0215827341G.IMG,1
EW0215839889G.IMG,1
EW0215839986G.IMG,1
EW0215844196G.IMG,0
EW0215844301G.IMG,1
EW0215850078G.IMG,0
EW0215850126G.IMG,0
EW0215850171G.IMG,0
EW0215850213G.IMG,0
EW0215850252G.IMG,0
EW0215850290G.IMG,0
EW0215850326G.IMG,0
EW0215850369G.IMG,0
EW0215850380G.IMG,0
EW0215850413G.IMG,0
EW0215850425G.IMG,0
EW0215850456G.IMG,0
EW0215850468G.IMG,0
EW0215850496G.IMG,0
EW0215850507G.IMG,0
EW0215850535G.IMG,0
EW0215850546G.IMG,0
EW0215850573G.IMG,0
EW0215850584G.IMG,0
EW0215850602G.IMG,0
EW0215850613G.IMG,0
EW0215850632G.IMG,1
EW0215850644G.IMG,0
EW0215850663G.IMG,1
EW0215850675G.IMG,0
EW0215850695G.IMG,1
EW0215850706G.IMG,0
EW0215850763G.IMG,1
EW0215850774G.IMG,1
EW0215850799G.IMG,1
EW0215850810G.IMG,1
EW0215850837G.IMG,1
EW0215850849G.IMG,1
EW0215850878G.IMG,1
EW0215850890G.IMG,1
EW0215850922G.IMG,1
EW0215850933G.IMG,1
EW0215850970G.IMG,1
EW0215851533G.IMG,1
EW0215851544G.IMG,1
EW0215851916G.IMG,1
EW0215859215I.IMG,1
EW0215859219F.IMG,1
EW0215859223C.IMG,1
EW0215859227D.IMG,1
EW0215859231E.IMG,1
EW0215859235G.IMG,1
EW0215859239J.IMG,1
EW0215859243L.IMG,1
