EN0215720152M.IMG,1
EN0215720156M.IMG,1
EN0215720160M.IMG,1
EN0215720395M.IMG,1
EN0215720399M.IMG,1
EN0215720403M.IMG,1
EN0215720407M.IMG,1
EN0215720411M.IMG,1
EN0215720641M.IMG,1
EN0215720650M.IMG,1
EN0215720658M.IMG,1
EN0215722441M.IMG,1
EN0215728629M.IMG,1
EN0215763744M.IMG,1
EN0215763748M.IMG,1
EN0215763752M.IMG,1
EN0215763756M.IMG,1
EN0215763760M.IMG,1
EN0215763764M.IMG,1
EN0215763768M.IMG,1
EN0215763772M.IMG,1
EN0215763776M.IMG,1
EN0215763981M.IMG,1
EN0215763988M.IMG,1
EN0215763995M.IMG,1
EN0215764001M.IMG,1
EN0215764007M.IMG,1
EN0215764013M.IMG,1
EN0215772269M.IMG,0
EW0215719876G.IMG,1
EW0215719903G.IMG,1
EW0215720462G.IMG,1
EW0215720500G.IMG,1
EW0215726545I.IMG,1
EW0215726549F.IMG,1
EW0215726553C.IMG,1
EW0215726557D.IMG,1
EW0215726561E.IMG,1
EW0215726565G.IMG,1
EW0215726569J.IMG,1
EW0215726573L.IMG,1
EW0215727932I.IMG,1
EW0215727936F.IMG,1
EW0215727940C.IMG,1
EW0215727944D.IMG,1
EW0215727948E.IMG,1
EW0215727952G.IMG,1
EW0215727956J.IMG,1
EW0215727960L.IMG,1
EW0215729728I.IMG,1
EW0215729732F.IMG,1
EW0215729736C.IMG,1
EW0215729740D.IMG,1
EW0215729744E.IMG,1
EW0215729748G.IMG,1
EW0215729752J.IMG,1
EW0215729756L.IMG,1
EW0215763367G.IMG,1
EW0215770020G.IMG,1
EW0215771433I.IMG,1
EW0215771437F.IMG,1
EW0215771441C.IMG,1
EW0215771445D.IMG,1
EW0215771449E.IMG,1
EW0215771453G.IMG,1
EW0215771457J.IMG,1
EW0215771461L.IMG,1
EW0215773240I.IMG,1
EW0215773244F.IMG,1
EW0215773248C.IMG,1
EW0215773252D.IMG,1
EW0215773256E.IMG,1
EW0215773260G.IMG,1
EW0215773264J.IMG,1
EW0215773268L.IMG,1
